Order Number,Order Date,Tracking Numbers
50894,04/07/2020,YT2009821272215076
50893,04/07/2020,"YT2009821266345003,YT2009821266345003"
50892,04/07/2020,YT2009821272215077
50891,04/07/2020,302484562451
50890,04/07/2020,"YT2009821272206305,YT2009821272206305"
50889,04/07/2020,YT2009821272206304
50887,04/07/2020,YT2009821272206306
50888,04/07/2020,"YT2009821272206309,YT2009821272206309"
50886,04/07/2020,
50885,04/07/2020,YT2009821272206308
50884,04/07/2020,302484104737
50883,04/07/2020,YT2009821272196357
50881,04/07/2020,"302484004282,302484004282"
50882,04/07/2020,302484004196
50880,04/07/2020,302484004135
50879,04/07/2020,302483589489
50877,04/07/2020,302483408825
50878,04/07/2020,302483589502
50876,04/07/2020,302483195231
50875,04/07/2020,YT2009821266224289
50874,04/07/2020,YT2009821272119048
50872,04/07/2020,YT2009821272107340
50873,04/07/2020,YT2009821266184294
50871,04/07/2020,"YT2009821272107332,YT2009821272107332"
50870,04/07/2020,YT2009821272098772
50869,04/07/2020,"LO990518025CN,LO990518025CN"
50868,04/07/2020,YT2009821272074997
50867,04/07/2020,YT2009821272074985
50866,04/07/2020,YT2009821272060862
50865,04/07/2020,YT2009821272060803
50864,04/07/2020,YT2009821266092657
50863,04/07/2020,YT2009821272060884
50862,04/07/2020,YT2009821272046562
50861,04/07/2020,YT2009821272046499
50860,04/07/2020,YT2009821266051668
50859,04/07/2020,YT2009821272033224
50858,04/07/2020,YT2009821272033220
50857,04/07/2020,YT2009821266040091
50856,04/07/2020,302480910986
50855,04/07/2020,YT2009821272026649
50854,04/07/2020,YT2009821272026658
50853,04/07/2020,YT2009821272026654
50852,04/07/2020,YT2009821272026710
50851,04/07/2020,YT2009821272024976
50850,04/07/2020,
50848,04/07/2020,YT2009821272022459
50849,04/07/2020,YT2009821272022458
50847,04/07/2020,YT2009821272015230
50846,04/07/2020,LO989268798CN
50845,04/07/2020,YT2009821272011115
50844,04/07/2020,LO994086064CN
50843,04/07/2020,YT2009821272011118
50842,04/07/2020,YT2009821272011119
50841,04/07/2020,YT2009821272011116
50840,04/07/2020,YT2009821272008882
50839,04/07/2020,YT2009821272008885
50838,04/07/2020,YT2009821272008886
50836,04/07/2020,YT2009821272008887
50835,04/07/2020,YT2009821272008884
50834,04/07/2020,"YT2009821272008888,YT2009821272008888"
50833,04/07/2020,YT2009821272008889
50837,04/07/2020,YT2009821266015720
50832,04/07/2020,"YT2009821272008906,YT2009821272008906,YT2009821272008906"
50830,04/07/2020,YT2009821272008883
50831,04/07/2020,YT2009821272008881